[
{"type":"availability","bizId":104,"tenantId":4001,"roomId":1,"roomNumber":1,"roomRate":"59","roomTypeId":0,"orgName":"FamilyFunHotel","tntAddress":{"streetName":"Hotel Plaza Blvd","bldNumber":"671","city":"Lake Buena","state":"FL","zipCode":"32830","country":"USA"},"tntContact":"833-435-2001","roomName":"StudioRoom","numOfBeds":1,"bookedDateList":["2022-12-22","2022-12-23","2022-12-24","2022-12-23","2022-12-24","2022-12-25"]},
{"type":"availability","bizId":104,"tenantId":4001,"roomId":2,"roomNumber":2,"roomRate":"54","roomTypeId":1,"orgName":"FamilyFunHotel","tntAddress":{"streetName":"Hotel Plaza Blvd","bldNumber":"671","city":"Lake Buena","state":"FL","zipCode":"32830","country":"USA"},"tntContact":"833-435-2001","roomName":"QueenRoom","numOfBeds":1,"bookedDateList":[]},
{"type":"availability","bizId":104,"tenantId":4001,"roomId":3,"roomNumber":3,"roomRate":"53","roomTypeId":0,"orgName":"FamilyFunHotel","tntAddress":{"streetName":"Hotel Plaza Blvd","bldNumber":"671","city":"Lake Buena","state":"FL","zipCode":"32830","country":"USA"},"tntContact":"833-435-2001","roomName":"StudioRoom","numOfBeds":1,"bookedDateList":[]},
{"type":"availability","bizId":104,"tenantId":4001,"roomId":4,"roomNumber":4,"roomRate":"57","roomTypeId":2,"orgName":"FamilyFunHotel","tntAddress":{"streetName":"Hotel Plaza Blvd","bldNumber":"671","city":"Lake Buena","state":"FL","zipCode":"32830","country":"USA"},"tntContact":"833-435-2001","roomName":"StandardRoom","numOfBeds":1,"bookedDateList":[]},
{"type":"availability","bizId":104,"tenantId":4001,"roomId":5,"roomNumber":5,"roomRate":"61","roomTypeId":3,"orgName":"FamilyFunHotel","tntAddress":{"streetName":"Hotel Plaza Blvd","bldNumber":"671","city":"Lake Buena","state":"FL","zipCode":"32830","country":"USA"},"tntContact":"833-435-2001","roomName":"KingRoom","numOfBeds":1,"bookedDateList":[]},
{"type":"availability","bizId":104,"tenantId":4001,"roomId":6,"roomNumber":6,"roomRate":"69","roomTypeId":1,"orgName":"FamilyFunHotel","tntAddress":{"streetName":"Hotel Plaza Blvd","bldNumber":"671","city":"Lake Buena","state":"FL","zipCode":"32830","country":"USA"},"tntContact":"833-435-2001","roomName":"QueenRoom","numOfBeds":1,"bookedDateList":[]},
{"type":"availability","bizId":104,"tenantId":4001,"roomId":7,"roomNumber":7,"roomRate":"78","roomTypeId":3,"orgName":"FamilyFunHotel","tntAddress":{"streetName":"Hotel Plaza Blvd","bldNumber":"671","city":"Lake Buena","state":"FL","zipCode":"32830","country":"USA"},"tntContact":"833-435-2001","roomName":"KingRoom","numOfBeds":1,"bookedDateList":["2022-12-16","2022-12-17","2022-12-18","2022-12-18","2022-12-19","2022-12-20"]},
{"type":"availability","bizId":104,"tenantId":4001,"roomId":8,"roomNumber":8,"roomRate":"69","roomTypeId":0,"orgName":"FamilyFunHotel","tntAddress":{"streetName":"Hotel Plaza Blvd","bldNumber":"671","city":"Lake Buena","state":"FL","zipCode":"32830","country":"USA"},"tntContact":"833-435-2001","roomName":"StudioRoom","numOfBeds":1,"bookedDateList":[]},
{"type":"availability","bizId":104,"tenantId":4001,"roomId":9,"roomNumber":9,"roomRate":"76","roomTypeId":0,"orgName":"FamilyFunHotel","tntAddress":{"streetName":"Hotel Plaza Blvd","bldNumber":"671","city":"Lake Buena","state":"FL","zipCode":"32830","country":"USA"},"tntContact":"833-435-2001","roomName":"StudioRoom","numOfBeds":1,"bookedDateList":[]},
{"type":"availability","bizId":104,"tenantId":4001,"roomId":10,"roomNumber":10,"roomRate":"53","roomTypeId":1,"orgName":"FamilyFunHotel","tntAddress":{"streetName":"Hotel Plaza Blvd","bldNumber":"671","city":"Lake Buena","state":"FL","zipCode":"32830","country":"USA"},"tntContact":"833-435-2001","roomName":"QueenRoom","numOfBeds":1,"bookedDateList":[]},
{"type":"availability","bizId":104,"tenantId":4001,"roomId":11,"roomNumber":11,"roomRate":"81","roomTypeId":1,"orgName":"FamilyFunHotel","tntAddress":{"streetName":"Hotel Plaza Blvd","bldNumber":"671","city":"Lake Buena","state":"FL","zipCode":"32830","country":"USA"},"tntContact":"833-435-2001","roomName":"QueenRoom","numOfBeds":1,"bookedDateList":[]},
{"type":"availability","bizId":104,"tenantId":4001,"roomId":12,"roomNumber":12,"roomRate":"81","roomTypeId":2,"orgName":"FamilyFunHotel","tntAddress":{"streetName":"Hotel Plaza Blvd","bldNumber":"671","city":"Lake Buena","state":"FL","zipCode":"32830","country":"USA"},"tntContact":"833-435-2001","roomName":"StandardRoom","numOfBeds":1,"bookedDateList":["2022-12-28","2022-12-29","2022-12-30","2022-12-15","2022-12-16","2022-12-17"]},
{"type":"availability","bizId":104,"tenantId":4001,"roomId":13,"roomNumber":13,"roomRate":"53","roomTypeId":1,"orgName":"FamilyFunHotel","tntAddress":{"streetName":"Hotel Plaza Blvd","bldNumber":"671","city":"Lake Buena","state":"FL","zipCode":"32830","country":"USA"},"tntContact":"833-435-2001","roomName":"QueenRoom","numOfBeds":1,"bookedDateList":[]},
{"type":"availability","bizId":104,"tenantId":4001,"roomId":14,"roomNumber":14,"roomRate":"81","roomTypeId":2,"orgName":"FamilyFunHotel","tntAddress":{"streetName":"Hotel Plaza Blvd","bldNumber":"671","city":"Lake Buena","state":"FL","zipCode":"32830","country":"USA"},"tntContact":"833-435-2001","roomName":"StandardRoom","numOfBeds":1,"bookedDateList":[]},
{"type":"availability","bizId":104,"tenantId":4001,"roomId":15,"roomNumber":15,"roomRate":"56","roomTypeId":1,"orgName":"FamilyFunHotel","tntAddress":{"streetName":"Hotel Plaza Blvd","bldNumber":"671","city":"Lake Buena","state":"FL","zipCode":"32830","country":"USA"},"tntContact":"833-435-2001","roomName":"QueenRoom","numOfBeds":1,"bookedDateList":[]},
{"type":"availability","bizId":104,"tenantId":4001,"roomId":16,"roomNumber":16,"roomRate":"76","roomTypeId":0,"orgName":"FamilyFunHotel","tntAddress":{"streetName":"Hotel Plaza Blvd","bldNumber":"671","city":"Lake Buena","state":"FL","zipCode":"32830","country":"USA"},"tntContact":"833-435-2001","roomName":"StudioRoom","numOfBeds":1,"bookedDateList":[]},
{"type":"availability","bizId":104,"tenantId":4001,"roomId":17,"roomNumber":17,"roomRate":"79","roomTypeId":2,"orgName":"FamilyFunHotel","tntAddress":{"streetName":"Hotel Plaza Blvd","bldNumber":"671","city":"Lake Buena","state":"FL","zipCode":"32830","country":"USA"},"tntContact":"833-435-2001","roomName":"StandardRoom","numOfBeds":1,"bookedDateList":[]},
{"type":"availability","bizId":104,"tenantId":4001,"roomId":18,"roomNumber":18,"roomRate":"70","roomTypeId":0,"orgName":"FamilyFunHotel","tntAddress":{"streetName":"Hotel Plaza Blvd","bldNumber":"671","city":"Lake Buena","state":"FL","zipCode":"32830","country":"USA"},"tntContact":"833-435-2001","roomName":"StudioRoom","numOfBeds":1,"bookedDateList":[]},
{"type":"availability","bizId":104,"tenantId":4001,"roomId":19,"roomNumber":19,"roomRate":"74","roomTypeId":2,"orgName":"FamilyFunHotel","tntAddress":{"streetName":"Hotel Plaza Blvd","bldNumber":"671","city":"Lake Buena","state":"FL","zipCode":"32830","country":"USA"},"tntContact":"833-435-2001","roomName":"StandardRoom","numOfBeds":1,"bookedDateList":[]},
{"type":"availability","bizId":104,"tenantId":4001,"roomId":20,"roomNumber":20,"roomRate":"71","roomTypeId":0,"orgName":"FamilyFunHotel","tntAddress":{"streetName":"Hotel Plaza Blvd","bldNumber":"671","city":"Lake Buena","state":"FL","zipCode":"32830","country":"USA"},"tntContact":"833-435-2001","roomName":"StudioRoom","numOfBeds":1,"bookedDateList":[]},
{"type":"availability","bizId":104,"tenantId":4001,"roomId":21,"roomNumber":21,"roomRate":"52","roomTypeId":0,"orgName":"FamilyFunHotel","tntAddress":{"streetName":"Hotel Plaza Blvd","bldNumber":"671","city":"Lake Buena","state":"FL","zipCode":"32830","country":"USA"},"tntContact":"833-435-2001","roomName":"StudioRoom","numOfBeds":1,"bookedDateList":[]},
{"type":"availability","bizId":104,"tenantId":4001,"roomId":22,"roomNumber":22,"roomRate":"79","roomTypeId":1,"orgName":"FamilyFunHotel","tntAddress":{"streetName":"Hotel Plaza Blvd","bldNumber":"671","city":"Lake Buena","state":"FL","zipCode":"32830","country":"USA"},"tntContact":"833-435-2001","roomName":"QueenRoom","numOfBeds":1,"bookedDateList":[]},
{"type":"availability","bizId":104,"tenantId":4001,"roomId":23,"roomNumber":23,"roomRate":"84","roomTypeId":3,"orgName":"FamilyFunHotel","tntAddress":{"streetName":"Hotel Plaza Blvd","bldNumber":"671","city":"Lake Buena","state":"FL","zipCode":"32830","country":"USA"},"tntContact":"833-435-2001","roomName":"KingRoom","numOfBeds":1,"bookedDateList":[]},
{"type":"availability","bizId":104,"tenantId":4001,"roomId":24,"roomNumber":24,"roomRate":"51","roomTypeId":3,"orgName":"FamilyFunHotel","tntAddress":{"streetName":"Hotel Plaza Blvd","bldNumber":"671","city":"Lake Buena","state":"FL","zipCode":"32830","country":"USA"},"tntContact":"833-435-2001","roomName":"KingRoom","numOfBeds":1,"bookedDateList":[]},
{"type":"availability","bizId":104,"tenantId":4001,"roomId":25,"roomNumber":25,"roomRate":"73","roomTypeId":3,"orgName":"FamilyFunHotel","tntAddress":{"streetName":"Hotel Plaza Blvd","bldNumber":"671","city":"Lake Buena","state":"FL","zipCode":"32830","country":"USA"},"tntContact":"833-435-2001","roomName":"KingRoom","numOfBeds":1,"bookedDateList":["2023-01-01","2023-01-02","2023-01-03","2022-12-22","2022-12-23","2022-12-24"]},
{"type":"availability","bizId":104,"tenantId":4002,"roomId":1,"roomNumber":1,"roomRate":"80","roomTypeId":2,"orgName":"FamilyFunHotel","tntAddress":{"streetName":"West Convention Way","bldNumber":"588","city":"Anaheim","state":"CA","zipCode":"92802","country":"USA"},"tntContact":"310-879-4501","roomName":"StandardRoom","numOfBeds":1,"bookedDateList":["2022-12-23","2022-12-24","2022-12-25","2022-12-27","2022-12-28","2022-12-29"]},
{"type":"availability","bizId":104,"tenantId":4002,"roomId":2,"roomNumber":2,"roomRate":"68","roomTypeId":1,"orgName":"FamilyFunHotel","tntAddress":{"streetName":"West Convention Way","bldNumber":"588","city":"Anaheim","state":"CA","zipCode":"92802","country":"USA"},"tntContact":"310-879-4501","roomName":"QueenRoom","numOfBeds":1,"bookedDateList":["2023-01-02","2023-01-03","2023-01-04","2022-12-19","2022-12-20","2022-12-21"]},
{"type":"availability","bizId":104,"tenantId":4002,"roomId":3,"roomNumber":3,"roomRate":"75","roomTypeId":1,"orgName":"FamilyFunHotel","tntAddress":{"streetName":"West Convention Way","bldNumber":"588","city":"Anaheim","state":"CA","zipCode":"92802","country":"USA"},"tntContact":"310-879-4501","roomName":"QueenRoom","numOfBeds":1,"bookedDateList":["2022-12-23","2022-12-24","2022-12-25","2022-12-21","2022-12-22","2022-12-23"]},
{"type":"availability","bizId":104,"tenantId":4002,"roomId":4,"roomNumber":4,"roomRate":"55","roomTypeId":1,"orgName":"FamilyFunHotel","tntAddress":{"streetName":"West Convention Way","bldNumber":"588","city":"Anaheim","state":"CA","zipCode":"92802","country":"USA"},"tntContact":"310-879-4501","roomName":"QueenRoom","numOfBeds":1,"bookedDateList":["2023-01-01","2023-01-02","2023-01-03","2022-12-17","2022-12-18","2022-12-19"]},
{"type":"availability","bizId":104,"tenantId":4002,"roomId":5,"roomNumber":5,"roomRate":"50","roomTypeId":3,"orgName":"FamilyFunHotel","tntAddress":{"streetName":"West Convention Way","bldNumber":"588","city":"Anaheim","state":"CA","zipCode":"92802","country":"USA"},"tntContact":"310-879-4501","roomName":"KingRoom","numOfBeds":1,"bookedDateList":["2022-12-27","2022-12-28","2022-12-29","2022-12-25","2022-12-26","2022-12-27"]},
{"type":"availability","bizId":104,"tenantId":4002,"roomId":6,"roomNumber":6,"roomRate":"68","roomTypeId":2,"orgName":"FamilyFunHotel","tntAddress":{"streetName":"West Convention Way","bldNumber":"588","city":"Anaheim","state":"CA","zipCode":"92802","country":"USA"},"tntContact":"310-879-4501","roomName":"StandardRoom","numOfBeds":1,"bookedDateList":["2022-12-20","2022-12-21","2022-12-22","2022-12-15","2022-12-16","2022-12-17"]},
{"type":"availability","bizId":104,"tenantId":4002,"roomId":7,"roomNumber":7,"roomRate":"76","roomTypeId":1,"orgName":"FamilyFunHotel","tntAddress":{"streetName":"West Convention Way","bldNumber":"588","city":"Anaheim","state":"CA","zipCode":"92802","country":"USA"},"tntContact":"310-879-4501","roomName":"QueenRoom","numOfBeds":1,"bookedDateList":["2022-12-25","2022-12-26","2022-12-27","2022-12-31","2023-01-01","2023-01-02"]},
{"type":"availability","bizId":104,"tenantId":4002,"roomId":8,"roomNumber":8,"roomRate":"50","roomTypeId":1,"orgName":"FamilyFunHotel","tntAddress":{"streetName":"West Convention Way","bldNumber":"588","city":"Anaheim","state":"CA","zipCode":"92802","country":"USA"},"tntContact":"310-879-4501","roomName":"QueenRoom","numOfBeds":1,"bookedDateList":["2022-12-23","2022-12-24","2022-12-25","2022-12-24","2022-12-25","2022-12-26"]},
{"type":"availability","bizId":104,"tenantId":4002,"roomId":9,"roomNumber":9,"roomRate":"51","roomTypeId":1,"orgName":"FamilyFunHotel","tntAddress":{"streetName":"West Convention Way","bldNumber":"588","city":"Anaheim","state":"CA","zipCode":"92802","country":"USA"},"tntContact":"310-879-4501","roomName":"QueenRoom","numOfBeds":1,"bookedDateList":["2022-12-18","2022-12-19","2022-12-20","2022-12-15","2022-12-16","2022-12-17"]},
{"type":"availability","bizId":104,"tenantId":4002,"roomId":10,"roomNumber":10,"roomRate":"54","roomTypeId":1,"orgName":"FamilyFunHotel","tntAddress":{"streetName":"West Convention Way","bldNumber":"588","city":"Anaheim","state":"CA","zipCode":"92802","country":"USA"},"tntContact":"310-879-4501","roomName":"QueenRoom","numOfBeds":1,"bookedDateList":["2022-12-27","2022-12-28","2022-12-29","2022-12-24","2022-12-25","2022-12-26"]},
{"type":"availability","bizId":104,"tenantId":4002,"roomId":11,"roomNumber":11,"roomRate":"78","roomTypeId":0,"orgName":"FamilyFunHotel","tntAddress":{"streetName":"West Convention Way","bldNumber":"588","city":"Anaheim","state":"CA","zipCode":"92802","country":"USA"},"tntContact":"310-879-4501","roomName":"StudioRoom","numOfBeds":1,"bookedDateList":["2022-12-23","2022-12-24","2022-12-25","2022-12-22","2022-12-23","2022-12-24"]},
{"type":"availability","bizId":104,"tenantId":4002,"roomId":12,"roomNumber":12,"roomRate":"71","roomTypeId":3,"orgName":"FamilyFunHotel","tntAddress":{"streetName":"West Convention Way","bldNumber":"588","city":"Anaheim","state":"CA","zipCode":"92802","country":"USA"},"tntContact":"310-879-4501","roomName":"KingRoom","numOfBeds":1,"bookedDateList":["2022-12-27","2022-12-28","2022-12-29","2022-12-22","2022-12-23","2022-12-24"]},
{"type":"availability","bizId":104,"tenantId":4002,"roomId":13,"roomNumber":13,"roomRate":"62","roomTypeId":2,"orgName":"FamilyFunHotel","tntAddress":{"streetName":"West Convention Way","bldNumber":"588","city":"Anaheim","state":"CA","zipCode":"92802","country":"USA"},"tntContact":"310-879-4501","roomName":"StandardRoom","numOfBeds":1,"bookedDateList":["2022-12-20","2022-12-21","2022-12-22","2022-12-18","2022-12-19","2022-12-20"]},
{"type":"availability","bizId":104,"tenantId":4002,"roomId":14,"roomNumber":14,"roomRate":"56","roomTypeId":0,"orgName":"FamilyFunHotel","tntAddress":{"streetName":"West Convention Way","bldNumber":"588","city":"Anaheim","state":"CA","zipCode":"92802","country":"USA"},"tntContact":"310-879-4501","roomName":"StudioRoom","numOfBeds":1,"bookedDateList":["2022-12-28","2022-12-29","2022-12-30","2022-12-15","2022-12-16","2022-12-17"]},
{"type":"availability","bizId":104,"tenantId":4002,"roomId":15,"roomNumber":15,"roomRate":"70","roomTypeId":1,"orgName":"FamilyFunHotel","tntAddress":{"streetName":"West Convention Way","bldNumber":"588","city":"Anaheim","state":"CA","zipCode":"92802","country":"USA"},"tntContact":"310-879-4501","roomName":"QueenRoom","numOfBeds":1,"bookedDateList":["2023-01-02","2023-01-03","2023-01-04","2022-12-28","2022-12-29","2022-12-30"]},
{"type":"availability","bizId":104,"tenantId":4002,"roomId":16,"roomNumber":16,"roomRate":"70","roomTypeId":1,"orgName":"FamilyFunHotel","tntAddress":{"streetName":"West Convention Way","bldNumber":"588","city":"Anaheim","state":"CA","zipCode":"92802","country":"USA"},"tntContact":"310-879-4501","roomName":"QueenRoom","numOfBeds":1,"bookedDateList":["2023-01-01","2023-01-02","2023-01-03","2023-01-02","2023-01-03","2023-01-04"]},
{"type":"availability","bizId":104,"tenantId":4002,"roomId":17,"roomNumber":17,"roomRate":"59","roomTypeId":3,"orgName":"FamilyFunHotel","tntAddress":{"streetName":"West Convention Way","bldNumber":"588","city":"Anaheim","state":"CA","zipCode":"92802","country":"USA"},"tntContact":"310-879-4501","roomName":"KingRoom","numOfBeds":1,"bookedDateList":["2022-12-24","2022-12-25","2022-12-26","2022-12-19","2022-12-20","2022-12-21"]},
{"type":"availability","bizId":104,"tenantId":4002,"roomId":18,"roomNumber":18,"roomRate":"51","roomTypeId":0,"orgName":"FamilyFunHotel","tntAddress":{"streetName":"West Convention Way","bldNumber":"588","city":"Anaheim","state":"CA","zipCode":"92802","country":"USA"},"tntContact":"310-879-4501","roomName":"StudioRoom","numOfBeds":1,"bookedDateList":["2022-12-17","2022-12-18","2022-12-19","2022-12-26","2022-12-27","2022-12-28"]},
{"type":"availability","bizId":104,"tenantId":4002,"roomId":19,"roomNumber":19,"roomRate":"50","roomTypeId":1,"orgName":"FamilyFunHotel","tntAddress":{"streetName":"West Convention Way","bldNumber":"588","city":"Anaheim","state":"CA","zipCode":"92802","country":"USA"},"tntContact":"310-879-4501","roomName":"QueenRoom","numOfBeds":1,"bookedDateList":["2022-12-16","2022-12-17","2022-12-18","2022-12-26","2022-12-27","2022-12-28"]},
{"type":"availability","bizId":104,"tenantId":4002,"roomId":20,"roomNumber":20,"roomRate":"50","roomTypeId":2,"orgName":"FamilyFunHotel","tntAddress":{"streetName":"West Convention Way","bldNumber":"588","city":"Anaheim","state":"CA","zipCode":"92802","country":"USA"},"tntContact":"310-879-4501","roomName":"StandardRoom","numOfBeds":1,"bookedDateList":["2023-01-01","2023-01-02","2023-01-03","2022-12-26","2022-12-27","2022-12-28"]}
]
